NM_SUBPRODUTO;RESULTADO
subpaaa;1.0536859135673008E9
subpbbb;4180106.74793172
subpccc;763415.8605000079
subpddd;4627094.962050072
subpeee;-3.637978807091713E-12
subpff;0.0
subpggg;-5192.713389017995
subphhh;-2.7685063700881123E10
subpiii;1.478808671619728E10
subpjjjj;2.8373735061090615E7
subpkkkk;15209.376721704002
subplll;3201.2176354000003
subpoooo;-4.106165249477704E12
subpqqq;-1.1214912543659979E8
subprrr;-3577.5081109500034
subpttt;48251.71116314769
subpwww;126808.37377432597
